product_id,supplier_type,lead_time_days
1,Import,23
2,Import,23
3,Import,19
4,Import,22
5,Import,25
6,Import,20
7,Local,3
8,Import,25
9,Local,3
10,Local,4
11,Import,16
12,Local,3
13,Local,4
14,Import,21
15,Local,4
16,Import,24
17,Local,4
18,Local,5
19,Import,23
20,Local,3
21,Local,4
22,Import,17
23,Local,3
24,Local,5
25,Import,22
26,Local,3
27,Local,5
28,Import,25
29,Local,4
30,Local,4
31,Import,18
32,Import,19
33,Import,23
34,Local,3
35,Import,16
36,Import,16
37,Local,3
38,Local,4
39,Import,17
40,Import,17
41,Local,3
42,Local,4
43,Import,17
44,Import,17
45,Local,5
46,Import,25
47,Import,18
48,Local,5
49,Local,5
50,Local,3
51,Import,25
52,Import,15
53,Local,3
54,Import,17
55,Import,16
56,Import,16
57,Import,21
58,Local,4
59,Import,22
60,Local,5
61,Local,4
62,Import,21
63,Import,21
64,Local,5
65,Local,4
66,Local,3
67,Import,21
68,Local,5
69,Import,19
70,Local,4
71,Local,4
72,Local,5
73,Import,23
74,Local,4
75,Import,15
76,Import,21
77,Local,3
78,Local,5
79,Local,3
80,Import,22
81,Local,3
82,Local,5
83,Local,3
84,Import,15
85,Local,4
86,Local,3
87,Import,21
88,Import,21
89,Local,3
90,Import,24
91,Local,4
92,Local,5
93,Import,25
94,Import,25
95,Local,4
96,Local,5
97,Import,18
98,Local,3
99,Import,22
100,Local,3
101,Import,20
102,Local,3
103,Import,17
104,Import,24
105,Local,4
106,Local,5
107,Import,24
108,Import,25
109,Import,18
110,Import,18
111,Local,5
112,Import,22
113,Import,25
114,Local,4
115,Import,18
116,Local,4
117,Local,4
118,Local,5
119,Import,21
120,Local,5
121,Import,19
122,Import,25
123,Local,3
124,Local,5
125,Import,16
126,Import,20
127,Import,24
128,Local,5
129,Local,5
130,Import,19
131,Import,15
132,Local,4
133,Import,17
134,Import,19
135,Local,4
136,Import,16
137,Import,24
138,Import,18
139,Local,4
140,Local,3
141,Import,19
142,Local,5
143,Import,19
144,Import,23
145,Local,3
146,Local,3
147,Import,22
148,Import,17
149,Import,15
150,Local,4
151,Local,3
152,Local,5
153,Import,19
154,Local,3
155,Local,5
156,Local,3
157,Local,4
158,Local,5
159,Import,17
160,Local,5
161,Local,3
162,Local,3
163,Import,21
164,Local,3
165,Local,5
166,Import,22
167,Import,21
168,Import,17
169,Local,5
170,Local,5
171,Local,4
172,Local,5
173,Import,18
174,Import,19
175,Local,3
176,Local,4
177,Import,25
178,Local,4
179,Local,5
180,Local,5
181,Import,18
182,Local,4
183,Import,23
184,Local,4
185,Import,21
186,Local,5
187,Local,4
188,Local,3
189,Local,5
190,Import,24
191,Import,21
192,Local,4
193,Import,15
194,Local,3
195,Import,17
196,Import,20
197,Local,4
198,Local,4
199,Local,3
200,Import,25
201,Local,4
202,Local,4
203,Import,25
204,Local,3
205,Local,5
206,Import,15
207,Import,20
208,Local,3
209,Import,18
210,Import,17
211,Import,24
212,Local,5
213,Local,4
214,Local,3
215,Local,3
216,Local,3
217,Import,21
218,Import,24
219,Import,17
220,Import,17
221,Import,25
222,Import,25
223,Local,3
224,Local,5
225,Import,16
226,Local,3
227,Import,22
228,Import,23
229,Local,5
230,Local,3
231,Local,5
232,Local,3
233,Import,24
234,Local,5
235,Local,3
236,Local,4
237,Import,18
238,Import,22
239,Import,21
240,Local,5
241,Import,19
242,Import,21
243,Local,5
244,Local,4
245,Import,23
246,Import,24
247,Local,3
248,Local,3
249,Local,3
250,Import,25
251,Import,25
252,Import,23
253,Local,4
254,Local,5
255,Import,17
256,Import,25
257,Import,22
258,Local,4
259,Local,3
260,Local,5
261,Local,5
262,Import,22
263,Local,4
264,Import,21
265,Import,21
266,Import,21
267,Local,5
268,Import,24
269,Local,3
270,Import,25
271,Import,15
272,Local,3
273,Import,18
274,Local,4
275,Local,4
276,Local,4
277,Import,16
278,Local,3
279,Import,17
280,Import,21
281,Local,5
282,Import,22
283,Local,5
284,Local,5
285,Import,24
286,Local,5
287,Local,3
288,Import,16
289,Local,4
290,Import,21
291,Local,4
292,Local,5
293,Import,20
294,Local,4
295,Local,3
296,Import,19
297,Import,17
298,Import,22
299,Local,4
300,Import,19
301,Local,4
302,Local,3
303,Import,23
304,Import,15
305,Import,24
306,Import,16
307,Import,20
308,Import,25
309,Import,23
310,Local,3
311,Local,3
312,Import,16
313,Local,3
314,Local,3
315,Local,5
316,Local,4
317,Local,4
318,Import,23
319,Local,3
320,Local,5
321,Import,24
322,Import,25
323,Import,22
324,Import,17
325,Local,3
326,Local,5
327,Import,17
328,Local,3
329,Local,3
330,Import,17
331,Local,5
332,Import,25
333,Import,22
334,Import,15
335,Import,23
336,Local,3
337,Local,5
338,Local,4
339,Local,3
340,Import,18
341,Import,16
342,Import,22
343,Local,3
344,Import,20
345,Import,25
346,Local,5
347,Local,3
348,Import,22
349,Local,5
350,Local,4
351,Local,3
352,Local,3
353,Import,19
354,Import,19
355,Local,5
356,Import,16
357,Import,19
358,Import,24
359,Local,5
360,Import,17
361,Import,19
362,Local,3
363,Import,23
364,Local,4
365,Import,22
366,Import,23
367,Import,19
368,Import,19
369,Local,5
370,Import,17
371,Import,17
372,Import,22
373,Local,5
374,Local,5
375,Import,19
376,Import,23
377,Import,16
378,Local,5
379,Local,5
380,Local,5
381,Import,16
382,Local,4
383,Import,23
384,Local,4
385,Local,5
386,Local,4
387,Import,18
388,Import,20
389,Local,4
390,Local,4
391,Local,4
392,Local,4
393,Import,21
394,Import,17
395,Import,19
396,Import,17
397,Import,15
398,Import,16
399,Local,3
400,Local,3
401,Import,22
402,Local,3
403,Local,5
404,Import,21
405,Import,20
406,Local,3
407,Import,22
408,Import,24
409,Import,19
410,Local,3
411,Import,22
412,Import,17
413,Local,3
414,Import,15
415,Import,21
416,Import,23
417,Import,19
418,Local,4
419,Import,18
420,Local,5
421,Import,17
422,Import,22
423,Local,4
424,Import,16
425,Import,20
426,Import,17
427,Local,4
428,Import,23
429,Local,5
430,Import,19
431,Import,15
432,Local,4
433,Local,3
434,Import,23
435,Import,24
436,Import,21
437,Import,24
438,Local,3
439,Local,3
440,Local,3
441,Import,19
442,Local,3
443,Import,15
444,Local,3
445,Import,18
446,Local,4
447,Local,3
448,Local,3
449,Local,4
450,Import,24
451,Local,4
452,Import,20
453,Import,25
454,Local,4
455,Local,4
456,Local,5
457,Import,25
458,Import,20
459,Local,3
460,Import,22
461,Import,21
462,Local,3
463,Import,19
464,Local,5
465,Local,4
466,Local,3
467,Local,3
468,Local,3
469,Import,22
470,Import,24
471,Local,4
472,Import,25
473,Local,5
474,Local,4
475,Local,5
476,Import,24
477,Import,23
478,Local,5
479,Import,18
480,Import,22
481,Local,4
482,Local,3
483,Local,4
484,Import,20
485,Import,23
486,Import,23
487,Local,3
488,Local,3
489,Local,5
490,Import,23
491,Import,21
492,Import,20
493,Import,20
494,Import,22
495,Import,15
496,Local,4
497,Local,3
498,Import,18
499,Import,18
500,Import,16
501,Import,16
502,Local,4
503,Import,21
504,Local,3
505,Import,15
506,Import,22
507,Import,22
508,Import,21
509,Import,20
510,Import,17
511,Local,5
512,Import,22
513,Import,17
514,Import,19
515,Local,5
516,Import,20
517,Import,16
518,Import,24
519,Local,3
520,Local,5
521,Local,5
522,Import,19
523,Local,4
524,Local,3
525,Local,4
526,Import,25
527,Local,3
528,Import,17
529,Local,3
530,Local,5
531,Local,3
532,Local,3
533,Local,3
534,Import,23
535,Local,4
536,Import,25
537,Import,24
538,Local,4
539,Import,21
540,Local,4
541,Local,4
542,Import,23
543,Import,18
544,Import,20
545,Local,5
546,Local,3
547,Import,19
548,Local,5
549,Import,18
550,Local,5
551,Import,20
552,Local,3
553,Local,5
554,Import,23
555,Import,25
556,Import,18
557,Import,24
558,Import,23
559,Import,15
560,Local,3
561,Local,3
562,Local,3
563,Import,19
564,Import,21
565,Import,24
566,Import,18
567,Import,16
568,Import,16
569,Local,4
570,Import,15
571,Import,21
572,Local,3
573,Local,4
574,Import,15
575,Local,5
576,Local,5
577,Local,4
578,Import,21
579,Import,22
580,Local,3
581,Import,22
582,Import,21
583,Import,21
584,Import,16
585,Import,25
586,Local,3
587,Import,21
588,Local,3
589,Local,4
590,Local,3
591,Import,22
592,Local,4
593,Local,5
594,Import,19
595,Local,3
596,Local,4
597,Import,21
598,Local,4
599,Import,20
600,Local,5
601,Import,22
602,Local,4
603,Import,20
604,Import,16
605,Local,4
606,Local,3
607,Local,3
608,Local,3
609,Local,4
610,Import,16
611,Import,22
612,Local,4
613,Import,15
614,Local,5
615,Import,22
616,Import,17
617,Local,3
618,Local,4
619,Import,19
620,Import,19
621,Local,4
622,Local,5
623,Import,19
624,Import,19
625,Local,5
626,Import,18
627,Import,17
628,Import,21
629,Local,3
630,Import,23
631,Import,23
632,Import,25
633,Import,23
634,Import,25
635,Local,4
636,Local,4
637,Local,3
638,Local,5
639,Local,4
640,Import,23
641,Import,21
642,Import,23
643,Local,5
644,Import,21
645,Import,24
646,Local,3
647,Local,3
648,Import,16
649,Import,17
650,Local,3
651,Import,21
652,Import,19
653,Local,5
654,Import,17
655,Local,3
656,Import,16
657,Local,5
658,Import,23
659,Local,3
660,Local,3
661,Import,22
662,Local,5
663,Import,21
664,Import,22
665,Import,19
666,Import,16
667,Local,3
668,Local,5
669,Import,21
670,Import,25
671,Local,5
672,Local,5
673,Local,5
674,Local,3
675,Import,20
676,Import,18
677,Local,5
678,Local,5
679,Local,3
680,Local,4
681,Local,5
682,Local,5
683,Import,21
684,Import,18
685,Import,15
686,Import,21
687,Import,24
688,Import,22
689,Local,4
690,Local,4
691,Local,4
692,Local,5
693,Import,22
694,Local,4
695,Local,3
696,Import,21
697,Local,4
698,Import,19
699,Import,15
700,Local,3
701,Local,5
702,Import,17
703,Local,3
704,Import,20
705,Import,15
706,Import,20
707,Local,4
708,Import,15
709,Local,5
710,Local,4
711,Local,5
712,Import,20
713,Local,3
714,Import,17
715,Import,20
716,Import,17
717,Local,4
718,Local,3
719,Import,16
720,Import,23
721,Local,3
722,Import,17
723,Local,5
724,Local,4
725,Import,25
726,Import,17
727,Local,3
728,Import,19
729,Import,22
730,Import,25
731,Import,23
732,Import,15
733,Local,3
734,Local,3
735,Import,18
736,Import,20
737,Import,17
738,Import,23
739,Import,25
740,Local,3
741,Import,18
742,Local,5
743,Import,25
744,Import,20
745,Import,20
746,Local,5
747,Import,17
748,Import,18
749,Import,23
750,Import,16
751,Local,5
752,Local,5
753,Import,19
754,Local,4
755,Local,4
756,Import,17
757,Import,23
758,Import,16
759,Import,24
760,Local,3
761,Import,25
762,Local,3
763,Local,5
764,Import,15
765,Local,4
766,Local,5
767,Import,24
768,Local,3
769,Import,21
770,Local,4
771,Import,22
772,Import,24
773,Import,15
774,Local,3
775,Import,24
776,Import,22
777,Import,20
778,Import,18
779,Local,5
780,Local,3
781,Local,4
782,Import,19
783,Import,19
784,Import,20
785,Local,4
786,Local,4
787,Import,23
788,Local,3
789,Import,24
790,Local,5
791,Import,20
792,Local,3
793,Import,15
794,Import,25
795,Import,17
796,Import,17
797,Import,21
798,Import,18
799,Import,24
800,Import,19
801,Import,19
802,Import,22
803,Local,3
804,Local,5
805,Import,18
806,Import,19
807,Import,23
808,Local,3
809,Local,3
810,Import,21
811,Local,4
812,Import,19
813,Local,4
814,Import,24
815,Import,24
816,Import,25
817,Import,21
818,Local,5
819,Import,19
820,Local,4
821,Import,18
822,Import,23
823,Local,5
824,Local,5
825,Local,3
826,Local,4
827,Local,5
828,Import,19
829,Local,4
830,Local,3
831,Local,5
832,Import,18
833,Import,24
834,Local,3
835,Import,20
836,Local,5
837,Import,24
838,Local,4
839,Import,21
840,Local,5
841,Import,20
842,Import,19
843,Local,5
844,Import,25
845,Import,24
846,Local,3
847,Import,23
848,Local,3
849,Local,4
850,Local,3
851,Import,17
852,Import,25
853,Local,3
854,Import,19
855,Local,5
856,Local,3
857,Local,4
858,Import,18
859,Local,5
860,Local,3
861,Import,20
862,Import,23
863,Import,17
864,Import,24
865,Import,21
866,Local,3
867,Import,18
868,Local,4
869,Import,23
870,Import,22
871,Import,17
872,Local,4
873,Local,5
874,Local,5
875,Import,20
876,Local,5
877,Import,22
878,Import,24
879,Import,20
880,Import,15
881,Local,4
882,Local,5
883,Local,3
884,Import,15
885,Local,5
886,Local,4
887,Import,23
888,Import,15
889,Local,5
890,Local,4
891,Local,4
892,Import,23
893,Import,19
894,Local,3
895,Local,3
896,Local,5
897,Local,5
898,Local,4
899,Import,24
900,Import,19
901,Import,21
902,Import,16
903,Import,18
904,Local,5
905,Local,4
906,Local,4
907,Import,22
908,Local,5
909,Import,18
910,Local,3
911,Local,5
912,Import,18
913,Local,5
914,Local,5
915,Local,3
916,Import,18
917,Import,16
918,Import,25
919,Local,5
920,Local,4
921,Import,19
922,Import,17
923,Import,25
924,Local,5
925,Import,24
926,Import,24
927,Import,25
928,Import,18
929,Import,19
930,Import,15
931,Import,15
932,Import,17
933,Import,20
934,Import,24
935,Local,3
936,Local,4
937,Import,23
938,Local,3
939,Import,20
940,Local,4
941,Import,24
942,Import,16
943,Local,5
944,Import,17
945,Local,5
946,Local,5
947,Import,18
948,Local,3
949,Import,22
950,Local,5
951,Import,21
952,Import,22
953,Import,23
954,Local,3
955,Import,19
956,Local,3
957,Import,15
958,Import,23
959,Local,3
960,Local,4
961,Import,22
962,Import,17
963,Local,5
964,Import,18
965,Local,5
966,Import,21
967,Local,4
968,Local,5
969,Import,22
970,Local,4
971,Local,5
972,Local,5
973,Local,4
974,Import,18
975,Import,19
976,Import,21
977,Import,16
978,Local,3
979,Local,5
980,Import,25
981,Import,25
982,Import,21
983,Local,4
984,Local,5
985,Local,3
986,Local,4
987,Import,15
988,Local,5
989,Import,18
990,Local,4
991,Import,18
992,Import,20
993,Local,4
994,Import,21
995,Import,15
996,Import,19
997,Import,21
998,Import,18
999,Import,15
1000,Import,19
1001,Local,4
1002,Local,5
1003,Import,15
1004,Local,5
1005,Local,4
1006,Import,17
1007,Import,18
1008,Import,23
1009,Import,20
1010,Local,4
1011,Local,3
1012,Local,3
1013,Local,4
1014,Local,3
1015,Import,22
1016,Import,16
1017,Import,20
1018,Local,4
1019,Import,17
1020,Local,5
1021,Local,3
1022,Local,5
1023,Import,25
1024,Local,4
1025,Local,4
1026,Local,4
1027,Local,3
1028,Import,16
1029,Local,5
1030,Local,3
1031,Import,23
1032,Import,19
1033,Local,3
1034,Local,5
1035,Import,21
1036,Import,24
1037,Import,15
1038,Import,17
1039,Local,5
1040,Local,3
1041,Import,17
1042,Local,3
1043,Import,22
1044,Import,15
1045,Import,17
1046,Import,17
1047,Local,5
1048,Local,4
1049,Local,3
1050,Local,5
1051,Local,5
1052,Import,21
1053,Import,21
1054,Local,3
1055,Local,5
1056,Local,5
1057,Import,24
1058,Local,3
1059,Import,17
1060,Import,23
1061,Import,15
1062,Local,3
1063,Import,17
1064,Local,5
1065,Import,18
1066,Local,5
1067,Local,3
1068,Local,5
1069,Local,5
1070,Import,24
1071,Import,23
1072,Import,22
1073,Import,24
1074,Local,5
1075,Import,24
1076,Local,4
1077,Import,24
1078,Import,25
1079,Import,18
1080,Local,3
1081,Local,5
1082,Local,3
1083,Import,21
1084,Local,4
1085,Import,15
1086,Import,18
1087,Local,5
1088,Import,17
1089,Local,4
1090,Local,3
1091,Local,3
1092,Local,5
1093,Local,3
1094,Import,20
1095,Import,15
1096,Local,4
1097,Local,4
1098,Local,4
1099,Local,3
1100,Local,5
1101,Local,3
1102,Local,5
1103,Local,3
1104,Import,22
1105,Import,15
1106,Local,3
1107,Local,3
1108,Import,18
1109,Import,19
1110,Import,16
1111,Local,5
1112,Import,18
1113,Local,5
1114,Import,21
1115,Local,3
1116,Local,3
1117,Import,16
1118,Local,3
1119,Import,15
1120,Import,21
1121,Local,3
1122,Import,23
1123,Import,16
1124,Import,25
1125,Local,5
1126,Local,5
1127,Import,23
1128,Import,21
1129,Import,21
1130,Local,4
1131,Local,5
1132,Import,17
1133,Import,25
1134,Import,17
1135,Import,17
1136,Import,21
1137,Local,4
1138,Local,4
1139,Import,20
1140,Import,22
1141,Import,24
1142,Local,3
1143,Import,16
1144,Import,19
1145,Local,4
1146,Local,4
1147,Local,5
1148,Import,24
1149,Local,5
1150,Local,3
1151,Import,22
1152,Import,17
1153,Local,5
1154,Local,5
1155,Import,17
1156,Local,5
1157,Local,5
1158,Import,23
1159,Local,5
1160,Local,5
1161,Local,5
1162,Import,24
1163,Local,5
1164,Import,21
1165,Local,5
1166,Import,16
1167,Import,23
1168,Import,24
1169,Import,23
1170,Local,4
1171,Import,23
1172,Local,5
1173,Local,4
1174,Local,5
1175,Import,24
1176,Import,17
1177,Local,5
1178,Import,25
1179,Local,4
1180,Local,4
1181,Import,19
1182,Import,24
1183,Import,21
1184,Local,5
1185,Local,4
1186,Local,5
1187,Local,3
1188,Import,18
1189,Import,22
1190,Import,15
1191,Local,4
1192,Local,5
1193,Local,3
1194,Import,18
1195,Import,25
1196,Local,3
1197,Local,4
1198,Import,16
1199,Import,23
1200,Local,5
1201,Local,5
1202,Import,20
1203,Import,21
1204,Local,5
1205,Local,4
1206,Local,3
1207,Local,4
1208,Local,4
1209,Import,25
1210,Local,3
1211,Import,23
1212,Import,21
1213,Import,19
1214,Import,22
1215,Import,22
1216,Import,21
1217,Import,19
1218,Local,4
1219,Import,18
1220,Local,4
1221,Import,21
1222,Import,19
1223,Import,18
1224,Import,25
1225,Import,19
1226,Import,19
1227,Import,15
1228,Local,4
1229,Import,23
1230,Local,3
1231,Local,3
1232,Import,18
1233,Local,5
1234,Import,15
1235,Import,19
1236,Import,17
1237,Local,5
1238,Import,21
1239,Import,24
1240,Local,5
1241,Local,3
1242,Import,19
1243,Local,5
1244,Local,4
1245,Import,23
1246,Local,4
1247,Import,22
1248,Import,22
1249,Local,3
1250,Local,4
1251,Local,5
1252,Local,4
1253,Import,22
1254,Import,17
1255,Import,19
1256,Local,5
1257,Local,5
1258,Import,17
1259,Local,3
1260,Local,5
1261,Local,4
1262,Import,19
1263,Import,18
1264,Local,5
1265,Local,5
1266,Import,24
1267,Import,24
1268,Local,4
1269,Local,3
1270,Import,19
1271,Import,15
1272,Local,4
1273,Import,16
1274,Local,5
1275,Import,18
1276,Import,23
1277,Import,23
1278,Local,5
1279,Import,20
1280,Import,20
1281,Local,5
1282,Import,15
1283,Local,3
1284,Import,16
1285,Local,3
1286,Local,3
1287,Import,24
1288,Local,4
1289,Local,4
1290,Import,22
1291,Local,3
1292,Import,21
1293,Local,3
1294,Import,15
1295,Import,15
1296,Import,15
1297,Import,21
1298,Local,5
1299,Import,19
1300,Import,20
1301,Local,3
1302,Import,21
1303,Import,20
1304,Local,4
1305,Local,5
1306,Local,3
1307,Import,16
1308,Local,4
1309,Local,4
1310,Local,4
1311,Local,4
1312,Local,5
1313,Import,24
1314,Import,15
1315,Local,3
1316,Local,4
1317,Local,4
1318,Import,19
1319,Local,5
1320,Import,20
1321,Local,4
1322,Import,25
1323,Import,20
1324,Import,24
1325,Import,24
1326,Import,20
1327,Local,3
1328,Import,21
1329,Local,5
1330,Local,5
1331,Import,16
1332,Local,4
1333,Import,15
1334,Local,5
1335,Local,4
1336,Import,24
1337,Local,5
1338,Local,4
1339,Local,4
1340,Import,16
1341,Local,3
1342,Local,3
1343,Local,5
1344,Import,22
1345,Local,4
1346,Local,5
1347,Import,18
1348,Local,5
1349,Local,5
1350,Import,17
1351,Local,5
1352,Import,16
1353,Import,21
1354,Local,3
1355,Import,24
1356,Local,3
1357,Local,3
1358,Import,25
1359,Import,19
1360,Import,15
1361,Import,24
1362,Local,5
1363,Import,20
1364,Local,4
1365,Import,21
1366,Import,19
1367,Import,20
1368,Import,18
1369,Import,24
1370,Import,21
1371,Local,5
1372,Local,5
1373,Local,4
1374,Local,3
1375,Import,25
1376,Import,24
1377,Import,16
1378,Import,23
1379,Import,17
1380,Local,5
1381,Local,4
1382,Import,18
1383,Import,20
1384,Import,20
1385,Local,5
1386,Import,19
1387,Import,23
1388,Import,24
1389,Local,3
1390,Import,20
1391,Import,19
1392,Local,3
1393,Local,3
1394,Import,24
1395,Import,16
1396,Local,5
1397,Local,4
1398,Local,3
1399,Local,3
1400,Import,21
1401,Import,25
1402,Import,20
1403,Import,20
1404,Local,3
1405,Import,20
1406,Import,16
1407,Local,4
1408,Import,19
1409,Local,5
1410,Local,3
1411,Import,25
1412,Import,19
1413,Local,3
1414,Local,4
1415,Import,19
1416,Import,17
1417,Import,22
1418,Import,24
1419,Import,25
1420,Local,5
1421,Local,4
1422,Import,16
1423,Local,5
1424,Import,15
1425,Import,21
1426,Local,5
1427,Local,4
1428,Import,19
1429,Import,23
1430,Local,5
1431,Local,3
1432,Import,23
1433,Import,20
1434,Import,19
1435,Local,3
1436,Import,17
1437,Import,21
1438,Import,19
1439,Import,19
1440,Local,4
1441,Import,20
1442,Local,3
1443,Local,3
1444,Local,3
1445,Local,3
1446,Import,20
1447,Import,22
1448,Local,3
1449,Import,18
1450,Import,24
1451,Import,24
1452,Import,17
1453,Local,4
1454,Local,3
1455,Import,15
1456,Import,19
1457,Local,3
1458,Import,15
1459,Local,5
1460,Import,21
1461,Import,17
1462,Local,3
1463,Local,3
1464,Import,22
1465,Local,4
1466,Local,4
1467,Local,3
1468,Import,23
1469,Local,4
1470,Import,17
1471,Import,19
1472,Import,16
1473,Local,3
1474,Local,5
1475,Import,24
1476,Local,4
1477,Local,5
1478,Import,21
1479,Import,21
1480,Import,25
1481,Import,20
1482,Import,19
1483,Import,17
1484,Local,5
1485,Import,17
1486,Local,3
1487,Import,15
1488,Import,16
1489,Local,5
1490,Local,4
1491,Import,16
1492,Import,18
1493,Local,3
1494,Local,5
1495,Import,15
1496,Local,3
1497,Local,4
1498,Import,18
1499,Local,5
1500,Local,5
1501,Import,17
1502,Import,19
1503,Local,4
1504,Import,20
1505,Local,3
1506,Local,4
1507,Local,4
1508,Local,5
1509,Import,19
1510,Import,24
1511,Local,4
1512,Import,23
1513,Import,23
1514,Local,3
1515,Import,19
1516,Import,21
1517,Local,5
1518,Local,5
1519,Local,3
1520,Import,24
1521,Import,15
1522,Import,23
1523,Local,5
1524,Import,15
1525,Local,4
1526,Local,4
1527,Local,4
1528,Local,3
1529,Local,4
1530,Import,17
1531,Local,3
1532,Local,3
1533,Import,22
1534,Local,5
1535,Import,17
1536,Local,5
1537,Import,19
1538,Import,16
1539,Local,4
1540,Local,4
1541,Import,18
1542,Local,4
1543,Import,23
1544,Local,3
1545,Local,5
1546,Local,3
1547,Local,3
1548,Local,4
1549,Import,18
1550,Import,25
1551,Import,20
1552,Local,4
1553,Local,3
1554,Local,5
1555,Import,19
1556,Local,3
1557,Local,5
1558,Import,18
1559,Import,21
1560,Import,22
1561,Local,4
1562,Import,19
1563,Local,3
1564,Local,5
1565,Local,3
1566,Local,4
1567,Import,16
1568,Local,5
1569,Import,25
1570,Local,4
1571,Import,24
1572,Import,19
1573,Local,5
1574,Import,22
1575,Local,4
1576,Import,24
1577,Import,18
1578,Import,24
1579,Import,24
1580,Local,4
1581,Local,3
1582,Import,22
1583,Local,3
1584,Import,20
1585,Import,25
1586,Local,4
1587,Local,3
1588,Import,16
1589,Local,5
1590,Import,18
1591,Local,3
1592,Import,23
1593,Local,4
1594,Local,5
1595,Local,3
1596,Local,5
1597,Import,17
1598,Local,4
1599,Local,5
1600,Local,4
1601,Local,3
1602,Import,20
1603,Import,16
1604,Import,24
1605,Local,3
1606,Local,4
1607,Local,5
1608,Local,4
1609,Local,5
1610,Local,4
1611,Import,22
1612,Import,17
1613,Local,5
1614,Import,17
1615,Local,5
1616,Local,4
1617,Import,22
1618,Local,4
1619,Local,3
1620,Import,25
1621,Import,16
1622,Local,5
1623,Import,15
1624,Import,17
1625,Import,15
1626,Import,17
1627,Import,15
1628,Local,5
1629,Import,21
1630,Local,5
1631,Import,18
1632,Local,4
1633,Local,5
1634,Local,4
1635,Import,15
1636,Import,24
1637,Local,4
1638,Import,25
1639,Local,4
1640,Import,24
1641,Local,3
1642,Import,18
1643,Local,4
1644,Import,17
1645,Import,25
1646,Local,3
1647,Import,25
1648,Import,21
1649,Import,24
1650,Import,18
1651,Local,5
1652,Local,4
1653,Import,19
1654,Import,24
1655,Local,3
1656,Local,5
1657,Import,17
1658,Import,22
1659,Local,3
1660,Local,4
1661,Local,4
1662,Local,4
1663,Import,21
1664,Import,18
1665,Import,19
1666,Import,18
1667,Local,3
1668,Import,17
1669,Import,15
1670,Import,18
1671,Local,4
1672,Local,4
1673,Import,21
1674,Local,3
1675,Local,3
1676,Import,15
1677,Import,19
1678,Local,3
1679,Local,5
1680,Local,3
1681,Import,21
1682,Local,3
1683,Local,3
1684,Local,4
1685,Import,22
1686,Local,5
1687,Import,16
1688,Local,3
1689,Import,21
1690,Import,22
1691,Local,4
1692,Import,15
1693,Local,3
1694,Import,17
1695,Import,16
1696,Local,5
1697,Import,21
1698,Import,18
1699,Local,4
1700,Import,24
1701,Import,24
1702,Local,5
1703,Local,3
1704,Import,20
1705,Local,5
1706,Local,4
1707,Local,5
1708,Local,5
1709,Local,5
1710,Import,21
1711,Import,20
1712,Import,21
1713,Import,19
1714,Local,5
1715,Import,15
1716,Local,4
1717,Local,4
1718,Local,3
1719,Import,20
1720,Import,15
1721,Import,18
1722,Local,4
1723,Local,3
1724,Import,19
1725,Local,3
1726,Local,5
1727,Local,4
1728,Import,20
1729,Local,5
1730,Local,4
1731,Import,25
1732,Local,3
1733,Local,4
1734,Import,18
1735,Local,5
1736,Import,15
1737,Import,23
1738,Local,3
1739,Local,3
1740,Local,3
1741,Import,24
1742,Local,4
1743,Local,5
1744,Import,24
1745,Import,24
1746,Local,5
1747,Local,3
1748,Import,22
1749,Import,16
1750,Import,24
1751,Local,4
1752,Import,15
1753,Local,3
1754,Local,5
1755,Local,5
1756,Import,24
1757,Local,3
1758,Import,19
1759,Import,25
1760,Import,19
1761,Local,4
1762,Import,15
1763,Local,5
1764,Local,3
1765,Local,5
1766,Local,5
1767,Local,5
1768,Local,3
1769,Import,21
1770,Import,23
1771,Import,25
1772,Import,15
1773,Import,25
1774,Local,4
1775,Local,5
1776,Import,20
1777,Import,23
1778,Local,4
1779,Import,24
1780,Import,15
1781,Local,5
1782,Import,24
1783,Local,5
1784,Import,17
1785,Import,22
1786,Local,3
1787,Import,25
1788,Local,4
1789,Import,17
1790,Import,19
1791,Local,3
1792,Import,18
1793,Import,15
1794,Local,5
1795,Import,19
1796,Local,5
1797,Local,4
1798,Local,4
1799,Import,22
1800,Local,3
1801,Import,18
1802,Local,4
1803,Local,4
1804,Import,15
1805,Import,25
1806,Local,3
1807,Local,4
1808,Import,22
1809,Import,15
1810,Import,16
1811,Local,3
1812,Import,24
1813,Local,4
1814,Import,16
1815,Local,4
1816,Local,5
1817,Local,5
1818,Local,4
1819,Local,5
1820,Local,3
1821,Local,4
1822,Import,15
1823,Local,5
1824,Import,16
1825,Local,3
1826,Local,4
1827,Import,20
1828,Import,20
1829,Import,16
1830,Import,17
1831,Local,3
1832,Import,22
1833,Local,4
1834,Import,23
1835,Local,4
1836,Local,3
1837,Local,3
1838,Local,4
1839,Local,3
1840,Import,24
1841,Local,3
1842,Local,4
1843,Import,25
1844,Import,19
1845,Import,23
1846,Local,3
1847,Local,5
1848,Import,15
1849,Import,19
1850,Local,4
1851,Import,24
1852,Import,25
1853,Import,25
1854,Import,16
1855,Local,3
1856,Local,4
1857,Local,4
1858,Local,3
1859,Import,18
1860,Import,15
1861,Import,18
1862,Local,3
1863,Local,3
1864,Local,5
1865,Import,18
1866,Import,18
1867,Import,16
1868,Local,5
1869,Import,25
1870,Local,3
1871,Import,19
1872,Local,4
1873,Import,19
1874,Import,19
1875,Local,4
1876,Import,24
1877,Import,23
1878,Local,3
1879,Import,17
1880,Import,16
1881,Local,3
1882,Local,4
1883,Import,20
1884,Import,18
1885,Local,4
1886,Local,4
1887,Import,24
1888,Local,4
1889,Import,22
1890,Local,5
1891,Import,25
1892,Local,3
1893,Local,5
1894,Import,21
1895,Import,16
1896,Import,17
1897,Local,3
1898,Local,5
1899,Import,15
1900,Import,16
1901,Local,5
1902,Local,5
1903,Import,22
1904,Import,19
1905,Local,3
1906,Local,4
1907,Import,17
1908,Import,22
1909,Import,24
1910,Local,5
1911,Import,25
1912,Local,5
1913,Local,3
1914,Import,15
1915,Local,5
1916,Local,5
1917,Import,24
1918,Import,23
1919,Local,4
1920,Import,16
1921,Local,3
1922,Import,21
1923,Local,5
1924,Import,23
1925,Local,3
1926,Import,15
1927,Local,3
1928,Local,3
1929,Import,21
1930,Import,20
1931,Local,4
1932,Local,4
1933,Local,5
1934,Import,17
1935,Import,21
1936,Import,20
1937,Local,4
1938,Local,5
1939,Import,25
1940,Local,5
1941,Local,4
1942,Import,24
1943,Local,3
1944,Local,3
1945,Local,5
1946,Local,5
1947,Import,22
1948,Local,4
1949,Local,4
1950,Import,19
1951,Import,18
1952,Import,19
1953,Import,21
1954,Local,3
1955,Local,5
1956,Local,3
1957,Local,3
1958,Local,5
1959,Import,17
1960,Import,17
1961,Local,5
1962,Import,16
1963,Import,16
1964,Local,5
1965,Import,16
1966,Local,5
1967,Import,21
1968,Local,5
1969,Import,23
1970,Local,4
1971,Import,23
1972,Import,21
1973,Import,25
1974,Import,17
1975,Import,17
1976,Import,16
1977,Import,17
1978,Local,4
1979,Import,22
1980,Local,3
1981,Import,24
1982,Import,25
1983,Import,22
1984,Local,4
1985,Import,22
1986,Local,3
1987,Import,24
1988,Import,19
1989,Import,22
1990,Import,15
1991,Local,3
1992,Local,5
1993,Import,20
1994,Import,15
1995,Local,3
1996,Local,5
1997,Import,15
1998,Local,3
1999,Import,22
2000,Import,24
2001,Local,4
2002,Local,3
2003,Import,15
2004,Import,25
2005,Import,19
2006,Local,3
2007,Local,3
2008,Local,3
2009,Import,16
2010,Local,5
2011,Local,3
2012,Local,5
2013,Local,3
2014,Import,22
2015,Import,22
2016,Local,5
2017,Local,5
2018,Import,19
2019,Local,3
2020,Import,15
2021,Local,4
2022,Local,5
2023,Import,15
2024,Import,15
2025,Local,4
2026,Local,3
2027,Local,5
2028,Import,15
2029,Import,25
2030,Local,5
2031,Local,4
2032,Local,3
2033,Import,21
2034,Import,20
2035,Local,4
2036,Local,3
2037,Import,22
2038,Import,16
2039,Local,4
2040,Import,15
2041,Local,5
2042,Import,22
2043,Local,3
2044,Local,3
2045,Import,23
2046,Local,4
2047,Import,24
2048,Import,20
2049,Local,4
2050,Import,22
2051,Local,4
2052,Local,3
2053,Import,20
2054,Import,19
2055,Local,3
2056,Import,22
2057,Import,18
2058,Local,4
2059,Import,21
2060,Import,20
2061,Local,3
2062,Local,5
2063,Import,22
2064,Import,22
2065,Local,4
2066,Local,4
2067,Local,3
2068,Import,25
2069,Local,5
2070,Import,21
2071,Import,19
2072,Import,25
2073,Import,18
2074,Local,4
2075,Import,16
2076,Local,3
2077,Local,5
2078,Local,4
2079,Local,5
2080,Local,3
2081,Import,24
2082,Import,23
2083,Local,5
2084,Import,17
2085,Import,20
2086,Local,3
2087,Local,3
2088,Import,21
2089,Local,4
2090,Local,5
2091,Import,15
2092,Import,25
2093,Import,23
2094,Local,3
2095,Import,15
2096,Import,19
2097,Import,22
2098,Local,3
2099,Import,24
2100,Local,4
2101,Import,21
2102,Import,25
2103,Import,19
2104,Local,3
2105,Import,21
2106,Import,17
2107,Local,4
2108,Import,17
2109,Local,4
2110,Import,21
2111,Import,22
2112,Local,5
2113,Local,3
2114,Local,4
2115,Import,18
2116,Import,23
2117,Import,25
2118,Local,4
2119,Local,5
2120,Local,3
2121,Local,3
2122,Local,3
2123,Local,3
2124,Import,24
2125,Local,4
2126,Local,3
2127,Import,20
2128,Import,18
2129,Local,4
2130,Import,18
2131,Import,15
2132,Import,17
2133,Import,21
2134,Local,4
2135,Local,4
2136,Local,5
2137,Local,4
2138,Import,22
2139,Local,5
2140,Import,15
2141,Local,3
2142,Import,16
2143,Import,21
2144,Import,24
2145,Local,3
2146,Local,4
2147,Local,5
2148,Import,22
2149,Local,5
2150,Import,16
2151,Import,20
2152,Local,4
2153,Import,16
2154,Import,20
2155,Import,20
2156,Local,3
2157,Local,3
2158,Local,4
2159,Local,3
2160,Local,5
2161,Import,16
2162,Local,3
2163,Import,24
2164,Local,3
2165,Import,20
2166,Import,16
2167,Local,3
2168,Local,3
2169,Local,5
2170,Local,3
2171,Local,5
2172,Import,15
2173,Import,16
2174,Local,5
2175,Local,3
2176,Import,19
2177,Local,3
2178,Import,21
2179,Import,17
2180,Local,3
2181,Local,5
2182,Import,17
2183,Local,4
2184,Local,4
2185,Local,4
2186,Import,15
2187,Import,19
2188,Import,15
2189,Import,19
2190,Import,25
2191,Import,17
2192,Import,15
2193,Local,4
2194,Local,4
2195,Import,23
2196,Import,20
2197,Local,3
2198,Import,17
2199,Local,5
2200,Import,17
2201,Local,5
2202,Import,21
2203,Import,25
2204,Local,4
2205,Import,18
2206,Local,5
2207,Import,24
2208,Local,3
2209,Import,19
2210,Local,3
2211,Import,20
2212,Local,4
2213,Local,4
2214,Local,5
2215,Local,4
2216,Local,5
2217,Local,5
2218,Import,22
2219,Import,20
2220,Import,24
2221,Import,25
2222,Import,25
2223,Local,4
2224,Local,3
2225,Import,22
2226,Import,19
2227,Local,3
2228,Local,4
2229,Import,22
2230,Import,21
2231,Import,21
2232,Import,16
2233,Local,4
2234,Import,16
2235,Local,3
2236,Local,4
2237,Import,16
2238,Import,20
2239,Import,20
2240,Local,3
2241,Import,22
2242,Import,20
2243,Import,18
2244,Import,15
2245,Local,4
2246,Local,5
2247,Import,24
2248,Import,18
2249,Import,25
2250,Local,3
2251,Local,5
2252,Local,3
2253,Local,5
2254,Import,25
2255,Import,25
2256,Import,20
2257,Import,25
2258,Import,15
2259,Local,5
2260,Import,25
2261,Import,16
2262,Local,4
2263,Import,21
2264,Local,5
2265,Local,5
2266,Import,23
2267,Import,22
2268,Import,21
2269,Local,3
2270,Import,15
2271,Import,18
2272,Import,20
2273,Import,22
2274,Import,25
2275,Import,22
2276,Import,15
2277,Import,23
2278,Import,23
2279,Import,21
2280,Local,3
2281,Import,15
2282,Local,4
2283,Local,3
2284,Import,24
2285,Local,3
2286,Import,21
2287,Import,17
2288,Local,3
2289,Local,3
2290,Local,4
2291,Import,21
2292,Local,4
2293,Local,4
2294,Import,17
2295,Local,5
2296,Import,25
2297,Local,4
2298,Import,24
2299,Local,3
2300,Local,4
2301,Local,4
2302,Import,16
2303,Local,4
2304,Local,3
2305,Local,5
2306,Local,4
2307,Import,15
2308,Import,16
2309,Import,18
2310,Import,21
2311,Import,17
2312,Local,5
2313,Local,3
2314,Import,22
2315,Import,22
2316,Local,5
2317,Import,16
2318,Local,5
2319,Import,18
2320,Local,4
2321,Local,5
2322,Local,5
2323,Import,20
2324,Import,24
2325,Import,17
2326,Local,3
2327,Import,15
2328,Import,17
2329,Local,5
2330,Import,15
2331,Import,24
2332,Import,24
2333,Import,17
2334,Import,24
2335,Local,4
2336,Import,15
2337,Import,24
2338,Local,5
2339,Import,21
2340,Import,20
2341,Import,18
2342,Import,18
2343,Local,4
2344,Import,19
2345,Import,25
2346,Local,3
2347,Import,17
2348,Import,17
2349,Local,5
2350,Import,23
2351,Import,21
2352,Local,4
2353,Import,19
2354,Import,22
2355,Import,24
2356,Local,4
2357,Import,20
2358,Import,24
2359,Local,5
2360,Import,20
2361,Local,5
2362,Import,17
2363,Import,20
2364,Local,3
2365,Local,4
2366,Import,15
2367,Local,5
2368,Local,3
2369,Local,4
2370,Import,19
2371,Local,4
2372,Local,4
2373,Local,3
2374,Import,25
2375,Import,18
2376,Import,18
2377,Local,5
2378,Local,3
2379,Local,5
2380,Import,25
2381,Import,19
2382,Local,5
2383,Local,5
2384,Local,4
2385,Import,20
2386,Import,23
2387,Local,5
2388,Local,4
2389,Local,5
2390,Local,3
2391,Local,4
2392,Import,19
2393,Import,20
2394,Local,4
2395,Local,5
2396,Import,15
2397,Import,15
2398,Local,3
2399,Import,23
2400,Import,24
2401,Import,21
2402,Local,4
2403,Import,19
2404,Local,3
2405,Local,4
2406,Local,4
2407,Import,21
2408,Local,4
2409,Local,4
2410,Import,15
2411,Import,23
2412,Import,23
2413,Import,19
2414,Local,3
2415,Import,16
2416,Import,20
2417,Local,4
2418,Import,25
2419,Import,16
2420,Local,3
2421,Local,4
2422,Import,17
2423,Import,18
2424,Local,4
2425,Import,25
2426,Import,17
2427,Import,25
2428,Import,23
2429,Import,23
2430,Import,21
2431,Import,22
2432,Local,5
2433,Local,5
2434,Local,3
2435,Local,3
2436,Local,5
2437,Local,3
2438,Import,16
2439,Import,18
2440,Local,3
2441,Local,4
2442,Local,4
2443,Import,23
2444,Import,21
2445,Import,20
2446,Local,5
2447,Local,5
2448,Local,4
2449,Local,3
2450,Import,19
2451,Local,5
2452,Import,24
2453,Import,19
2454,Local,3
2455,Local,4
2456,Local,4
2457,Local,4
2458,Import,15
2459,Import,15
2460,Import,15
2461,Local,4
2462,Import,25
2463,Local,4
2464,Local,3
2465,Local,3
2466,Import,22
2467,Import,20
2468,Local,4
2469,Import,15
2470,Local,4
2471,Import,18
2472,Import,20
2473,Local,4
2474,Import,23
2475,Local,4
2476,Import,21
2477,Import,23
2478,Local,3
2479,Import,18
2480,Local,4
2481,Local,4
2482,Import,23
2483,Local,4
2484,Local,4
2485,Import,24
2486,Import,20
2487,Local,4
2488,Local,3
2489,Local,3
2490,Import,20
2491,Import,18
2492,Local,4
2493,Local,4
2494,Local,5
2495,Local,3
2496,Local,4
2497,Local,4
2498,Import,16
2499,Local,3
2500,Import,22
2501,Local,5
2502,Import,16
2503,Local,5
2504,Import,24
2505,Import,22
2506,Local,3
2507,Import,17
2508,Local,3
2509,Import,18
2510,Local,5
2511,Local,3
2512,Local,4
2513,Local,3
2514,Import,23
2515,Local,5
2516,Import,25
2517,Import,20
2518,Local,5
2519,Import,17
2520,Local,5
2521,Local,4
2522,Import,23
2523,Local,3
2524,Local,4
2525,Local,3
2526,Local,4
2527,Import,25
2528,Local,4
2529,Local,3
2530,Local,3
2531,Import,24
2532,Import,21
2533,Import,20
2534,Import,22
2535,Import,18
2536,Local,5
2537,Local,5
2538,Local,3
2539,Local,3
2540,Import,15
2541,Import,17
2542,Import,16
2543,Local,5
2544,Local,5
2545,Import,20
2546,Import,21
2547,Import,18
2548,Local,5
2549,Import,21
2550,Import,18
2551,Local,3
2552,Local,4
2553,Local,4
2554,Import,18
2555,Import,19
2556,Local,3
2557,Local,3
2558,Local,4
2559,Import,23
2560,Import,25
2561,Import,19
2562,Import,18
2563,Local,5
2564,Import,23
2565,Import,21
2566,Local,3
2567,Local,3
2568,Import,22
2569,Local,3
2570,Import,20
2571,Local,3
2572,Import,21
2573,Import,21
2574,Import,19
2575,Local,5
2576,Import,22
2577,Import,21
2578,Local,5
2579,Local,5
2580,Local,5
2581,Local,5
2582,Local,4
2583,Local,5
2584,Local,4
2585,Import,17
2586,Local,4
2587,Import,19
2588,Local,4
2589,Local,5
2590,Import,24
2591,Import,24
2592,Local,5
2593,Local,4
2594,Import,17
2595,Import,18
2596,Import,21
2597,Local,4
2598,Import,19
2599,Import,15
2600,Import,21
2601,Local,5
2602,Import,25
2603,Import,19
2604,Import,24
2605,Local,4
2606,Local,4
2607,Import,19
2608,Local,4
2609,Import,20
2610,Import,16
2611,Local,4
2612,Local,4
2613,Import,20
2614,Import,15
2615,Local,4
2616,Local,3
2617,Import,19
2618,Local,4
2619,Local,5
2620,Local,5
2621,Local,4
2622,Import,20
2623,Import,25
2624,Import,23
2625,Import,20
2626,Import,19
2627,Import,20
2628,Import,20
2629,Import,25
2630,Local,5
2631,Import,19
2632,Local,3
2633,Local,5
2634,Local,5
2635,Local,3
2636,Import,25
2637,Local,3
2638,Local,3
2639,Import,21
2640,Import,15
2641,Local,5
2642,Import,18
2643,Import,23
2644,Import,16
2645,Local,4
2646,Import,20
2647,Import,16
2648,Import,15
2649,Local,3
2650,Import,18
2651,Local,5
2652,Import,23
2653,Local,4
2654,Import,20
2655,Local,4
2656,Local,4
2657,Import,25
2658,Import,17
2659,Local,3
2660,Local,4
2661,Local,3
2662,Import,15
2663,Local,4
2664,Local,5
2665,Local,4
2666,Import,22
2667,Import,16
2668,Import,23
2669,Import,22
2670,Local,4
2671,Import,21
2672,Import,25
2673,Local,4
2674,Import,23
2675,Local,5
2676,Local,3
2677,Local,3
2678,Local,4
2679,Local,3
2680,Local,4
2681,Local,3
2682,Import,19
2683,Local,3
2684,Import,22
2685,Local,4
2686,Local,3
2687,Local,5
2688,Import,25
2689,Import,25
2690,Local,4
2691,Import,16
2692,Import,16
2693,Import,23
2694,Local,5
2695,Import,18
2696,Local,4
2697,Local,4
2698,Local,5
2699,Local,3
2700,Local,3
2701,Import,21
2702,Import,20
2703,Import,19
2704,Local,5
2705,Import,24
2706,Import,21
2707,Import,20
2708,Import,16
2709,Import,25
2710,Import,18
2711,Local,3
2712,Import,16
2713,Import,18
2714,Import,17
2715,Local,3
2716,Local,4
2717,Import,17
2718,Import,22
2719,Local,3
2720,Import,16
2721,Import,18
2722,Import,25
2723,Import,19
2724,Local,3
2725,Import,19
2726,Import,15
2727,Local,3
2728,Local,4
2729,Local,3
2730,Import,15
2731,Import,19
2732,Local,5
2733,Import,21
2734,Import,21
2735,Import,16
2736,Import,17
2737,Local,4
2738,Import,18
2739,Local,3
2740,Local,3
2741,Import,22
2742,Import,21
2743,Local,4
2744,Local,3
2745,Local,4
2746,Import,24
2747,Local,4
2748,Local,3
2749,Local,4
2750,Local,5
2751,Import,15
2752,Local,4
2753,Local,3
2754,Local,3
2755,Local,4
2756,Local,3
2757,Import,20
2758,Import,21
2759,Local,3
2760,Local,5
2761,Import,15
2762,Import,20
2763,Import,19
2764,Import,18
2765,Local,5
2766,Import,19
2767,Local,3
2768,Local,3
2769,Local,4
2770,Import,20
2771,Import,25
2772,Import,24
2773,Local,3
2774,Import,15
2775,Import,23
2776,Local,3
2777,Local,5
2778,Local,3
2779,Import,15
2780,Local,5
2781,Local,5
2782,Local,3
2783,Import,15
2784,Import,24
2785,Local,4
2786,Local,3
2787,Import,20
2788,Import,21
2789,Local,3
2790,Import,24
2791,Import,20
2792,Import,17
2793,Local,5
2794,Import,20
2795,Local,4
2796,Import,19
2797,Import,23
2798,Import,21
2799,Import,15
2800,Local,3
2801,Import,22
2802,Local,4
2803,Local,4
2804,Local,4
2805,Local,4
2806,Import,25
2807,Import,16
2808,Local,4
2809,Local,5
2810,Import,24
2811,Local,3
2812,Import,22
2813,Import,20
2814,Import,20
2815,Local,5
2816,Local,5
2817,Local,4
2818,Import,16
2819,Import,18
2820,Local,3
2821,Import,19
2822,Local,4
2823,Import,25
2824,Import,17
2825,Import,25
2826,Local,4
2827,Local,5
2828,Import,18
2829,Local,5
2830,Local,5
2831,Local,5
2832,Local,3
2833,Local,3
2834,Import,19
2835,Import,23
2836,Import,23
2837,Local,5
2838,Local,4
2839,Import,21
2840,Local,3
2841,Local,4
2842,Import,19
2843,Import,18
2844,Local,5
2845,Import,18
2846,Local,4
2847,Import,15
2848,Import,16
2849,Local,3
2850,Local,5
2851,Local,4
2852,Local,4
2853,Import,25
2854,Local,4
2855,Local,5
2856,Import,23
2857,Import,21
2858,Import,15
2859,Local,5
2860,Import,23
2861,Local,5
2862,Import,21
2863,Local,5
2864,Local,3
2865,Import,15
2866,Import,22
2867,Local,3
2868,Import,22
2869,Import,16
2870,Local,3
2871,Import,24
2872,Local,3
2873,Local,4
2874,Local,3
2875,Import,16
2876,Local,3
2877,Local,4
2878,Local,3
2879,Local,3
2880,Import,24
2881,Import,23
2882,Local,3
2883,Import,16
2884,Local,4
2885,Local,4
2886,Import,19
2887,Local,3
2888,Local,5
2889,Local,4
2890,Import,16
2891,Local,4
2892,Local,3
2893,Local,4
2894,Local,4
2895,Import,17
2896,Import,18
2897,Import,18
2898,Import,16
2899,Local,3
2900,Local,4
2901,Local,4
2902,Local,5
2903,Import,16
2904,Import,23
2905,Local,4
2906,Local,4
2907,Local,3
2908,Local,4
2909,Import,16
2910,Local,4
2911,Local,5
2912,Import,24
2913,Local,3
2914,Import,19
2915,Local,5
2916,Import,15
2917,Import,24
2918,Local,3
2919,Import,18
2920,Local,4
2921,Local,4
2922,Import,18
2923,Import,19
2924,Import,19
2925,Import,19
2926,Import,21
2927,Local,4
2928,Import,21
2929,Import,25
2930,Local,4
2931,Local,4
2932,Local,5
2933,Import,22
2934,Local,5
2935,Local,5
2936,Local,4
2937,Import,17
2938,Import,24
2939,Import,22
2940,Local,3
2941,Import,21
2942,Import,22
2943,Import,19
2944,Import,18
2945,Local,5
2946,Local,4
2947,Local,4
2948,Local,3
2949,Local,4
2950,Import,21
2951,Import,19
2952,Local,4
2953,Import,23
2954,Local,4
2955,Import,25
2956,Import,19
2957,Local,5
2958,Import,22
2959,Import,19
2960,Import,18
2961,Import,15
2962,Import,19
2963,Local,3
2964,Import,22
2965,Import,21
2966,Import,17
2967,Import,18
2968,Local,5
2969,Local,5
2970,Local,3
2971,Local,4
2972,Import,15
2973,Import,18
2974,Import,16
2975,Local,3
2976,Import,15
2977,Import,22
2978,Local,3
2979,Local,5
2980,Import,16
2981,Import,16
2982,Import,20
2983,Import,22
2984,Import,21
2985,Import,19
2986,Import,17
2987,Local,5
2988,Import,20
2989,Import,17
2990,Import,22
2991,Import,17
2992,Local,3
2993,Local,5
2994,Local,4
2995,Local,5
2996,Import,20
2997,Import,15
2998,Local,5
2999,Local,3
3000,Import,21
3001,Import,25
3002,Import,24
3003,Import,18
3004,Local,5
3005,Local,3
3006,Local,4
3007,Local,5
3008,Import,15
3009,Import,16
3010,Import,18
3011,Import,19
3012,Import,18
3013,Local,5
3014,Import,18
3015,Local,4
3016,Local,5
3017,Local,3
3018,Local,4
3019,Import,24
3020,Local,5
3021,Local,4
3022,Import,16
3023,Local,3
3024,Local,5
3025,Import,21
3026,Import,20
3027,Import,23
3028,Import,15
3029,Import,23
3030,Local,3
3031,Local,3
3032,Local,5
3033,Local,4
3034,Import,22
3035,Local,4
3036,Import,17
3037,Import,25
3038,Import,18
3039,Import,21
3040,Import,15
3041,Import,20
3042,Local,5
3043,Import,21
3044,Local,5
3045,Local,4
3046,Import,16
3047,Local,3
3048,Import,20
3049,Import,23
3050,Import,23
3051,Local,3
3052,Import,25
3053,Local,5
3054,Import,24
3055,Local,5
3056,Import,23
3057,Local,3
3058,Local,3
3059,Import,16
3060,Import,25
3061,Local,3
3062,Local,5
3063,Import,21
3064,Local,4
3065,Local,5
3066,Local,4
3067,Local,3
3068,Import,24
3069,Import,20
3070,Import,24
3071,Import,19
3072,Local,4
3073,Import,19
3074,Local,5
3075,Local,4
3076,Local,3
3077,Local,3
3078,Local,4
3079,Local,4
3080,Local,5
3081,Import,17
3082,Local,5
3083,Import,15
3084,Local,5
3085,Local,5
3086,Local,4
3087,Import,19
3088,Local,4
3089,Import,23
3090,Import,17
3091,Import,15
3092,Import,20
3093,Local,4
3094,Local,5
3095,Local,4
3096,Local,4
3097,Import,17
3098,Local,3
3099,Local,4
3100,Import,15
3101,Import,24
3102,Import,20
3103,Import,16
3104,Local,3
3105,Local,4
3106,Local,5
3107,Import,24
3108,Local,4
3109,Local,4
3110,Import,25
3111,Import,24
3112,Import,24
3113,Import,19
3114,Local,4
3115,Import,18
3116,Import,15
3117,Local,4
3118,Import,20
3119,Import,16
3120,Import,17
3121,Local,4
3122,Local,4
3123,Import,18
3124,Import,20
3125,Import,17
3126,Import,16
3127,Local,3
3128,Local,4
3129,Local,3
3130,Import,24
3131,Local,5
3132,Import,17
3133,Import,15
3134,Local,3
3135,Local,5
3136,Import,17
3137,Local,3
3138,Import,18
3139,Import,15
3140,Local,4
3141,Local,4
3142,Import,16
3143,Local,4
3144,Import,18
3145,Import,25
3146,Local,5
3147,Local,5
3148,Local,5
3149,Import,16
3150,Import,18
3151,Local,3
3152,Local,3
3153,Local,5
3154,Import,21
3155,Import,22
3156,Local,3
3157,Local,4
3158,Import,18
3159,Import,21
3160,Import,20
3161,Local,3
3162,Import,17
3163,Import,24
3164,Local,5
3165,Local,5
3166,Import,17
3167,Import,24
3168,Local,4
3169,Import,20
3170,Import,19
3171,Local,5
3172,Local,5
3173,Import,24
3174,Local,4
3175,Import,20
3176,Local,5
3177,Local,3
3178,Local,4
3179,Import,23
3180,Import,16
3181,Import,23
3182,Local,4
3183,Import,24
3184,Local,5
3185,Import,17
3186,Local,4
3187,Import,19
3188,Import,23
3189,Import,19
3190,Import,20
3191,Local,4
3192,Import,20
3193,Local,5
3194,Import,21
3195,Import,16
3196,Local,3
3197,Local,4
3198,Import,19
3199,Import,23
3200,Import,19
3201,Import,23
3202,Import,23
3203,Import,15
3204,Local,5
3205,Local,4
3206,Import,18
3207,Import,22
3208,Local,3
3209,Import,23
3210,Local,3
3211,Import,16
3212,Local,4
3213,Import,24
3214,Local,3
3215,Local,3
3216,Import,22
3217,Import,19
3218,Import,17
3219,Local,5
3220,Import,21
3221,Import,21
3222,Local,4
3223,Import,17
3224,Import,20
3225,Import,15
3226,Import,17
3227,Local,4
3228,Import,16
3229,Import,16
3230,Import,21
3231,Import,23
3232,Import,19
3233,Local,3
3234,Import,21
3235,Local,4
3236,Import,22
3237,Local,4
3238,Import,19
3239,Local,5
3240,Local,5
3241,Local,3
3242,Import,21
3243,Import,23
3244,Local,4
3245,Import,21
3246,Local,3
3247,Local,3
3248,Import,21
3249,Local,3
3250,Import,23
3251,Import,23
3252,Import,16
3253,Import,17
3254,Local,4
3255,Local,4
3256,Import,24
3257,Import,20
3258,Import,23
3259,Local,4
3260,Import,19
3261,Import,16
3262,Import,15
3263,Local,3
3264,Import,17
3265,Local,4
3266,Local,5
3267,Local,5
3268,Import,24
3269,Import,23
3270,Local,4
3271,Local,3
3272,Local,3
3273,Import,19
3274,Local,5
3275,Local,5
3276,Local,5
3277,Import,17
3278,Import,15
3279,Import,16
3280,Import,23
3281,Local,5
3282,Import,23
3283,Import,24
3284,Import,22
3285,Local,5
3286,Local,4
3287,Import,16
3288,Local,5
3289,Import,15
3290,Local,3
3291,Local,5
3292,Import,24
3293,Local,3
3294,Local,3
3295,Local,3
3296,Local,4
3297,Local,4
3298,Import,23
3299,Import,15
3300,Import,15
3301,Local,4
3302,Import,21
3303,Import,21
3304,Import,16
3305,Import,16
3306,Local,4
3307,Import,22
3308,Local,4
3309,Import,25
3310,Import,19
3311,Local,5
3312,Local,4
3313,Local,5
3314,Import,18
3315,Import,23
3316,Import,20
3317,Local,4
3318,Import,24
3319,Import,19
3320,Local,4
3321,Local,5
3322,Import,23
3323,Import,23
3324,Local,3
3325,Import,21
3326,Local,3
3327,Import,25
3328,Local,4
3329,Import,16
3330,Import,16
3331,Import,20
3332,Import,23
3333,Local,4
3334,Local,4
3335,Local,3
3336,Local,3
3337,Local,4
3338,Import,24
3339,Import,23
3340,Import,24
3341,Import,24
3342,Import,16
3343,Local,4
3344,Local,5
3345,Import,18
3346,Import,21
3347,Local,4
3348,Import,18
3349,Local,4
3350,Import,24
3351,Local,3
3352,Import,21
3353,Import,21
3354,Local,5
3355,Local,4
3356,Local,5
3357,Local,5
3358,Import,17
3359,Import,18
3360,Local,5
3361,Import,19
3362,Import,17
3363,Local,5
3364,Local,4
3365,Import,18
3366,Local,4
3367,Import,22
3368,Import,16
3369,Import,22
3370,Local,3
3371,Local,3
3372,Local,4
3373,Local,4
3374,Import,20
3375,Local,5
3376,Import,25
3377,Local,3
3378,Local,3
3379,Import,25
3380,Local,3
3381,Import,25
3382,Local,3
3383,Import,23
3384,Local,5
3385,Import,21
3386,Local,5
3387,Import,24
3388,Import,25
3389,Local,5
3390,Local,3
3391,Import,22
3392,Import,19
3393,Local,3
3394,Local,3
3395,Local,5
3396,Import,21
3397,Local,4
3398,Local,4
3399,Local,5
3400,Local,3
3401,Import,24
3402,Local,4
3403,Import,15
3404,Local,3
3405,Import,16
3406,Import,22
3407,Local,4
3408,Import,22
3409,Import,22
3410,Local,3
3411,Local,3
3412,Local,4
3413,Local,5
3414,Local,3
3415,Local,3
3416,Import,25
3417,Local,3
3418,Local,3
3419,Local,5
3420,Import,16
3421,Local,4
3422,Import,17
3423,Local,5
3424,Local,3
3425,Import,22
3426,Local,4
3427,Import,24
3428,Local,4
3429,Import,23
3430,Import,18
3431,Local,5
3432,Import,23
3433,Import,25
3434,Local,4
3435,Local,4
3436,Import,19
3437,Import,22
3438,Local,5
3439,Local,5
3440,Import,23
3441,Local,5
3442,Local,4
3443,Import,20
3444,Import,20
3445,Local,3
3446,Import,17
3447,Import,24
3448,Import,23
3449,Local,5
3450,Import,16
3451,Import,16
3452,Local,3
3453,Local,5
3454,Import,23
3455,Local,5
3456,Local,4
3457,Import,18
3458,Local,4
3459,Import,15
3460,Import,22
3461,Import,24
3462,Local,3
3463,Import,23
3464,Local,4
3465,Local,3
3466,Local,4
3467,Import,16
3468,Import,25
3469,Import,22
3470,Import,25
3471,Import,21
3472,Import,24
3473,Local,3
3474,Import,24
3475,Local,3
3476,Import,20
3477,Import,16
3478,Local,3
3479,Local,3
3480,Local,4
3481,Local,4
3482,Local,5
3483,Local,3
3484,Import,22
3485,Import,19
3486,Local,3
3487,Local,4
3488,Local,3
3489,Local,4
3490,Import,19
3491,Import,20
3492,Local,3
3493,Import,22
3494,Import,18
3495,Import,18
3496,Import,18
3497,Import,15
3498,Import,15
3499,Import,20
3500,Local,3
3501,Local,3
3502,Import,15
3503,Local,4
3504,Local,4
3505,Local,4
3506,Import,16
3507,Import,22
3508,Local,3
3509,Import,19
3510,Import,21
3511,Local,3
3512,Local,4
3513,Import,16
3514,Local,3
3515,Local,5
3516,Local,5
3517,Import,20
3518,Local,4
3519,Import,18
3520,Import,17
3521,Local,4
3522,Import,22
3523,Local,5
3524,Import,24
3525,Local,4
3526,Local,3
3527,Local,4
3528,Import,22
3529,Local,3
3530,Import,16
3531,Import,17
3532,Import,22
3533,Import,20
3534,Local,5
3535,Local,3
3536,Local,4
3537,Import,24
3538,Import,19
3539,Local,3
3540,Import,21
3541,Local,5
3542,Local,3
3543,Local,5
3544,Import,24
3545,Import,22
3546,Local,4
3547,Local,3
3548,Local,4
3549,Import,22
3550,Import,15
3551,Import,22
3552,Import,22
3553,Local,3
3554,Local,3
3555,Import,18
3556,Import,19
3557,Local,5
3558,Local,4
3559,Import,21
3560,Import,19
3561,Import,17
3562,Local,4
3563,Local,4
3564,Local,5
3565,Import,16
3566,Local,3
3567,Local,5
3568,Import,25
3569,Local,4
3570,Import,19
3571,Local,5
3572,Local,4
3573,Local,3
3574,Local,3
3575,Local,5
3576,Local,3
3577,Local,3
3578,Local,3
3579,Import,17
3580,Import,17
3581,Local,3
3582,Import,19
3583,Local,3
3584,Local,5
3585,Local,5
3586,Local,5
3587,Local,3
3588,Local,4
3589,Local,5
3590,Local,4
3591,Local,3
3592,Local,4
3593,Local,5
3594,Local,5
3595,Import,15
3596,Local,4
3597,Local,5
3598,Import,15
3599,Local,3
3600,Import,16
3601,Import,20
3602,Local,5
3603,Import,18
3604,Import,15
3605,Local,4
3606,Local,5
3607,Local,5
3608,Local,4
3609,Import,18
3610,Import,18
3611,Import,16
3612,Import,15
3613,Local,3
3614,Import,20
3615,Import,22
3616,Local,4
3617,Import,21
3618,Local,4
3619,Local,5
3620,Import,21
3621,Import,22
3622,Import,21
3623,Import,22
3624,Import,23
3625,Import,22
3626,Import,23
3627,Import,24
3628,Import,25
3629,Import,16
3630,Local,4
3631,Import,18
3632,Import,16
3633,Import,19
3634,Import,19
3635,Import,23
3636,Local,5
3637,Import,17
3638,Import,22
3639,Import,17
3640,Local,5
3641,Local,4
3642,Import,22
3643,Import,21
3644,Local,3
3645,Import,18
3646,Local,4
3647,Import,25
3648,Import,23
3649,Import,22
3650,Import,18
3651,Local,4
3652,Local,5
3653,Local,4
3654,Local,4
3655,Import,17
3656,Import,17
3657,Import,17
3658,Local,3
3659,Local,5
3660,Import,23
3661,Import,25
3662,Local,5
3663,Import,20
3664,Import,20
3665,Import,18
3666,Import,20
3667,Import,24
3668,Local,4
3669,Local,3
3670,Local,5
3671,Local,5
3672,Import,24
3673,Local,3
3674,Local,4
3675,Local,4
3676,Import,20
3677,Local,4
3678,Import,21
3679,Local,3
3680,Local,5
3681,Local,4
3682,Local,5
3683,Import,22
3684,Local,4
3685,Import,19
3686,Local,3
3687,Import,15
3688,Import,16
3689,Import,23
3690,Local,5
3691,Local,5
3692,Local,4
3693,Import,18
3694,Import,24
3695,Local,5
3696,Import,24
3697,Import,15
3698,Local,5
3699,Import,19
3700,Local,5
3701,Import,17
3702,Local,3
3703,Local,5
3704,Import,17
3705,Import,22
3706,Local,3
3707,Import,21
3708,Import,25
3709,Import,24
3710,Import,15
3711,Import,15
3712,Local,3
3713,Import,18
3714,Local,4
3715,Import,17
3716,Local,3
3717,Import,17
3718,Local,4
3719,Import,25
3720,Import,15
3721,Import,15
3722,Import,21
3723,Local,5
3724,Local,4
3725,Local,3
3726,Import,18
3727,Local,5
3728,Local,5
3729,Local,5
3730,Local,5
3731,Local,4
3732,Import,22
3733,Import,21
3734,Import,20
3735,Import,24
3736,Local,3
3737,Import,20
3738,Import,20
3739,Local,5
3740,Import,25
3741,Local,5
3742,Local,5
3743,Local,5
3744,Import,25
3745,Import,23
3746,Local,5
3747,Local,3
3748,Local,4
3749,Local,3
3750,Local,5
3751,Import,24
3752,Import,18
3753,Import,19
3754,Import,24
3755,Import,18
3756,Local,4
3757,Import,16
3758,Local,5
3759,Local,3
3760,Local,5
3761,Local,3
3762,Local,3
3763,Local,3
3764,Local,5
3765,Local,4
3766,Import,25
3767,Import,19
3768,Import,25
3769,Import,18
3770,Local,5
3771,Local,5
3772,Local,5
3773,Local,5
3774,Local,5
3775,Import,23
3776,Import,21
3777,Import,25
3778,Import,18
3779,Import,15
3780,Local,5
3781,Local,4
3782,Local,4
3783,Local,3
3784,Local,5
3785,Import,16
3786,Import,22
3787,Local,5
3788,Import,18
3789,Local,5
3790,Local,5
3791,Local,3
3792,Local,5
3793,Local,3
3794,Import,19
3795,Import,24
3796,Import,15
3797,Local,4
3798,Import,22
3799,Local,4
3800,Local,3
3801,Import,22
3802,Import,23
3803,Import,16
3804,Local,5
3805,Local,4
3806,Import,21
3807,Local,4
3808,Local,3
3809,Local,5
3810,Local,3
3811,Import,22
3812,Import,16
3813,Import,24
3814,Import,24
3815,Import,17
3816,Local,5
3817,Local,4
3818,Local,3
3819,Import,15
3820,Import,16
3821,Local,4
3822,Import,15
3823,Import,18
3824,Import,17
3825,Import,25
3826,Import,16
3827,Local,3
3828,Local,5
3829,Local,4
3830,Import,25
3831,Local,4
3832,Local,4
3833,Local,3
3834,Local,4
3835,Local,5
3836,Import,17
3837,Import,25
3838,Local,5
3839,Local,3
3840,Local,5
3841,Import,21
3842,Import,24
3843,Import,18
3844,Local,4
3845,Import,22
3846,Import,23
3847,Local,4
3848,Import,15
3849,Local,5
3850,Import,19
3851,Local,3
3852,Local,3
3853,Import,15
3854,Local,5
3855,Local,3
3856,Local,3
3857,Import,15
3858,Import,24
3859,Import,21
3860,Import,23
3861,Import,15
3862,Local,4
3863,Local,4
3864,Local,5
3865,Local,4
3866,Local,5
3867,Local,3
3868,Import,16
3869,Local,5
3870,Import,21
3871,Local,3
3872,Local,5
3873,Import,21
3874,Import,19
3875,Local,3
3876,Local,4
3877,Local,4
3878,Import,19
3879,Import,15
3880,Import,24
3881,Import,16
3882,Import,15
3883,Import,20
3884,Local,4
3885,Import,18
3886,Local,3
3887,Import,22
3888,Local,3
3889,Import,25
3890,Import,20
3891,Local,3
3892,Local,3
3893,Import,15
3894,Local,5
3895,Local,3
3896,Import,23
3897,Local,3
3898,Local,4
3899,Local,4
3900,Import,22
3901,Local,3
3902,Import,23
3903,Import,18
3904,Local,4
3905,Local,4
3906,Local,4
3907,Import,25
3908,Local,3
3909,Import,21
3910,Local,5
3911,Import,21
3912,Import,24
3913,Import,18
3914,Local,4
3915,Local,3
3916,Import,18
3917,Local,5
3918,Import,18
3919,Import,18
3920,Import,21
3921,Import,24
3922,Local,3
3923,Import,23
3924,Import,18
3925,Import,25
3926,Import,15
3927,Local,4
3928,Local,4
3929,Import,25
3930,Local,3
3931,Local,3
3932,Import,24
3933,Local,4
3934,Local,5
3935,Local,4
3936,Local,5
3937,Import,22
3938,Import,16
3939,Import,19
3940,Local,5
3941,Local,4
3942,Import,19
3943,Import,19
3944,Local,4
3945,Import,21
3946,Local,5
3947,Local,5
3948,Import,22
3949,Import,25
3950,Local,4
3951,Import,25
3952,Local,4
3953,Local,3
3954,Local,4
3955,Local,4
3956,Import,23
3957,Local,4
3958,Local,3
3959,Local,5
3960,Import,15
3961,Local,5
3962,Import,16
3963,Local,5
3964,Local,4
3965,Local,5
3966,Local,3
3967,Import,21
3968,Local,5
3969,Import,23
3970,Local,4
3971,Import,22
3972,Local,3
3973,Import,17
3974,Import,15
3975,Local,3
3976,Import,19
3977,Local,5
3978,Import,21
3979,Local,5
3980,Local,4
3981,Import,21
3982,Import,24
3983,Import,23
3984,Import,22
3985,Import,19
3986,Local,5
3987,Import,22
3988,Import,24
3989,Local,3
3990,Import,23
3991,Import,18
3992,Local,3
3993,Import,23
3994,Local,5
3995,Import,20
3996,Local,3
3997,Import,22
3998,Import,23
3999,Import,20
4000,Local,5
4001,Import,23
4002,Local,4
4003,Local,5
4004,Local,5
4005,Import,15
4006,Import,18
4007,Local,5
4008,Import,20
4009,Import,17
4010,Import,23
4011,Local,4
4012,Local,5
4013,Local,3
4014,Local,3
4015,Import,22
4016,Local,4
4017,Import,16
4018,Import,23
4019,Local,4
4020,Local,3
4021,Import,23
4022,Import,19
4023,Import,25
4024,Import,19
4025,Local,4
4026,Local,4
4027,Import,21
4028,Import,22
4029,Local,5
4030,Local,3
4031,Local,5
4032,Local,4
4033,Import,25
4034,Import,21
4035,Import,21
4036,Local,4
4037,Import,17
4038,Import,20
4039,Local,3
4040,Import,23
4041,Import,20
4042,Import,19
4043,Import,20
4044,Local,3
4045,Local,4
4046,Local,4
4047,Import,18
4048,Local,3
4049,Local,5
4050,Local,4
4051,Local,4
4052,Local,5
4053,Local,4
4054,Local,5
4055,Import,25
4056,Local,3
4057,Local,3
4058,Local,5
4059,Import,15
4060,Local,4
4061,Local,5
4062,Import,17
4063,Local,4
4064,Local,4
4065,Local,4
4066,Local,4
4067,Import,24
4068,Local,5
4069,Import,15
4070,Local,3
4071,Local,3
4072,Import,25
4073,Import,21
4074,Local,4
4075,Import,24
4076,Local,4
4077,Local,4
4078,Local,3
4079,Import,17
4080,Import,15
4081,Local,3
4082,Local,3
4083,Import,15
4084,Local,3
4085,Local,3
4086,Local,3
4087,Import,23
4088,Local,3
4089,Local,4
4090,Import,15
4091,Local,3
4092,Local,3
4093,Import,20
4094,Local,4
4095,Local,3
4096,Local,5
4097,Local,5
4098,Import,22
4099,Import,25
4100,Local,4
4101,Import,17
4102,Import,18
4103,Import,19
4104,Local,5
4105,Local,3
4106,Local,4
4107,Local,4
4108,Local,5
4109,Local,5
4110,Import,22
4111,Local,5
4112,Import,23
4113,Import,24
4114,Import,20
4115,Local,4
4116,Local,5
4117,Local,4
4118,Local,4
4119,Local,3
4120,Local,4
4121,Import,25
4122,Import,24
4123,Local,3
4124,Local,3
4125,Import,22
4126,Import,23
4127,Import,17
4128,Local,4
4129,Import,18
4130,Local,3
4131,Import,18
4132,Local,3
4133,Local,4
4134,Local,3
4135,Import,22
4136,Local,3
4137,Import,15
4138,Import,17
4139,Local,3
4140,Local,3
4141,Local,5
4142,Local,3
4143,Import,24
4144,Import,23
4145,Local,4
4146,Local,4
4147,Local,5
4148,Import,23
4149,Import,16
4150,Local,3
4151,Local,4
4152,Local,3
4153,Import,19
4154,Local,3
4155,Local,3
4156,Import,17
4157,Local,4
4158,Local,3
4159,Import,18
4160,Import,15
4161,Local,3
4162,Local,5
4163,Local,3
4164,Local,3
4165,Import,15
4166,Local,3
4167,Local,4
4168,Import,23
4169,Local,5
4170,Local,4
4171,Import,24
4172,Local,5
4173,Local,5
4174,Local,5
4175,Import,23
4176,Local,3
4177,Import,19
4178,Import,19
4179,Local,4
4180,Local,5
4181,Import,23
4182,Import,22
4183,Local,5
4184,Import,21
4185,Local,5
4186,Local,5
4187,Import,19
4188,Import,23
4189,Local,4
4190,Local,5
4191,Import,18
4192,Import,24
4193,Local,5
4194,Import,17
4195,Local,4
4196,Import,24
4197,Local,4
4198,Local,3
4199,Import,24
4200,Local,5
4201,Local,4
4202,Local,3
4203,Import,21
4204,Import,22
4205,Local,4
4206,Import,20
4207,Local,3
4208,Local,4
4209,Local,5
4210,Local,4
4211,Local,5
4212,Local,3
4213,Import,25
4214,Local,3
4215,Import,15
4216,Import,22
4217,Local,5
4218,Local,4
4219,Local,5
4220,Import,17
4221,Local,4
4222,Import,25
4223,Import,17
4224,Import,18
4225,Local,4
4226,Local,4
4227,Import,19
4228,Import,21
4229,Local,5
4230,Import,15
4231,Import,16
4232,Import,21
4233,Import,19
4234,Import,16
4235,Local,5
4236,Local,5
4237,Local,4
4238,Local,5
4239,Import,22
4240,Import,19
4241,Import,21
4242,Import,20
4243,Local,4
4244,Local,4
4245,Local,3
4246,Local,4
4247,Local,3
4248,Local,3
4249,Import,19
4250,Local,4
4251,Local,4
4252,Import,21
4253,Local,4
4254,Local,4
4255,Import,24
4256,Local,3
4257,Import,15
4258,Local,5
4259,Local,5
4260,Local,4
4261,Local,4
4262,Local,5
4263,Import,22
4264,Local,3
4265,Import,21
4266,Import,16
4267,Local,4
4268,Import,20
4269,Local,4
4270,Import,25
4271,Local,4
4272,Import,21
4273,Local,3
4274,Local,5
4275,Import,15
4276,Local,5
4277,Local,4
4278,Local,3
4279,Import,20
4280,Local,3
4281,Local,5
4282,Local,3
4283,Import,15
4284,Local,4
4285,Import,24
4286,Local,4
4287,Local,4
4288,Local,4
4289,Local,5
4290,Local,5
4291,Import,21
4292,Import,20
4293,Local,3
4294,Import,21
4295,Local,3
4296,Import,21
4297,Import,21
4298,Import,16
4299,Import,16
4300,Import,25
4301,Local,3
4302,Import,15
4303,Local,5
4304,Local,4
4305,Local,4
4306,Import,15
4307,Local,5
4308,Local,3
4309,Local,5
4310,Import,16
4311,Local,4
4312,Import,22
4313,Local,4
4314,Import,22
4315,Local,5
4316,Local,5
4317,Import,22
4318,Local,4
4319,Import,20
4320,Local,3
4321,Local,5
4322,Local,3
4323,Local,3
4324,Import,19
4325,Import,21
4326,Local,4
4327,Local,5
4328,Import,15
4329,Import,21
4330,Local,3
4331,Local,4
4332,Local,4
4333,Import,16
4334,Import,18
4335,Local,5
4336,Local,3
4337,Local,5
4338,Local,4
4339,Local,4
4340,Local,4
4341,Local,5
4342,Local,5
4343,Import,18
4344,Local,5
4345,Import,19
4346,Local,4
4347,Local,4
4348,Local,3
4349,Import,25
4350,Local,5
4351,Local,4
4352,Import,21
4353,Import,21
4354,Local,5
4355,Local,4
4356,Import,17
4357,Import,15
4358,Local,3
4359,Import,20
4360,Local,3
4361,Import,25
4362,Local,3
4363,Local,3
4364,Local,4
4365,Local,3
4366,Local,5
4367,Local,5
4368,Import,22
4369,Import,17
4370,Import,18
4371,Import,19
4372,Local,3
4373,Local,4
4374,Import,25
4375,Import,21
4376,Local,3
4377,Import,20
4378,Local,4
4379,Import,15
4380,Import,20
4381,Import,16
4382,Import,24
4383,Import,15
4384,Local,5
4385,Import,19
4386,Import,21
4387,Import,20
4388,Local,5
4389,Local,3
4390,Import,15
4391,Import,19
4392,Import,17
4393,Import,19
4394,Import,18
4395,Import,23
4396,Import,20
4397,Import,20
4398,Import,16
4399,Import,20
4400,Import,22
4401,Local,4
4402,Local,3
4403,Local,4
4404,Local,4
4405,Import,23
4406,Import,24
4407,Local,4
4408,Local,5
4409,Local,4
4410,Import,18
4411,Import,19
4412,Import,16
4413,Local,4
4414,Import,15
4415,Import,20
4416,Import,17
4417,Local,3
4418,Local,4
4419,Import,22
4420,Local,5
4421,Import,23
4422,Import,19
4423,Import,24
4424,Local,3
4425,Import,23
4426,Import,16
4427,Local,5
4428,Import,24
4429,Local,3
4430,Import,16
4431,Import,16
4432,Local,5
4433,Local,5
4434,Local,5
4435,Import,17
4436,Import,19
4437,Local,4
4438,Import,18
4439,Import,16
4440,Local,5
4441,Import,17
4442,Local,5
4443,Local,3
4444,Local,5
4445,Import,17
4446,Local,5
4447,Local,3
4448,Import,22
4449,Import,21
4450,Import,23
4451,Local,5
4452,Local,4
4453,Import,19
4454,Import,21
4455,Import,24
4456,Import,17
4457,Local,5
4458,Import,17
4459,Local,4
4460,Import,17
4461,Local,5
4462,Import,18
4463,Import,25
4464,Local,4
4465,Local,5
4466,Import,21
4467,Local,3
4468,Local,3
4469,Import,24
4470,Import,20
4471,Import,18
4472,Import,22
4473,Local,3
4474,Import,21
4475,Local,5
4476,Local,3
4477,Import,17
4478,Import,22
4479,Import,23
4480,Local,4
4481,Import,23
4482,Import,15
4483,Import,18
4484,Import,21
4485,Import,21
4486,Local,3
4487,Import,25
4488,Import,24
4489,Import,17
4490,Local,4
4491,Import,16
4492,Local,3
4493,Local,3
4494,Local,4
4495,Local,3
4496,Local,4
4497,Import,22
4498,Import,21
4499,Local,3
4500,Import,20
4501,Import,22
4502,Local,3
4503,Local,3
4504,Import,24
4505,Local,5
4506,Import,18
4507,Local,5
4508,Import,23
4509,Local,3
4510,Import,23
4511,Local,3
4512,Import,25
4513,Import,17
4514,Import,19
4515,Local,3
4516,Import,20
4517,Import,21
4518,Import,17
4519,Import,17
4520,Import,19
4521,Local,5
4522,Local,5
4523,Local,4
4524,Import,24
4525,Import,16
4526,Local,3
4527,Import,20
4528,Import,17
4529,Import,16
4530,Import,25
4531,Import,19
4532,Local,3
4533,Local,4
4534,Import,25
4535,Local,3
4536,Import,22
4537,Local,5
4538,Local,3
4539,Local,3
4540,Local,3
4541,Local,4
4542,Import,17
4543,Import,21
4544,Import,23
4545,Local,5
4546,Import,17
4547,Local,4
4548,Local,4
4549,Local,3
4550,Local,5
4551,Import,15
4552,Local,5
4553,Import,21
4554,Import,17
4555,Local,4
4556,Local,3
4557,Import,23
4558,Import,16
4559,Import,16
4560,Import,24
4561,Import,17
4562,Import,22
4563,Import,25
4564,Local,4
4565,Import,24
4566,Local,3
4567,Local,3
4568,Import,25
4569,Local,4
4570,Local,3
4571,Import,25
4572,Import,21
4573,Import,19
4574,Local,4
4575,Local,3
4576,Import,15
4577,Import,21
4578,Import,18
4579,Local,3
4580,Import,18
4581,Local,5
4582,Local,3
4583,Import,17
4584,Local,4
4585,Import,18
4586,Local,5
4587,Import,25
4588,Import,15
4589,Import,23
4590,Import,19
4591,Local,4
4592,Local,5
4593,Import,15
4594,Local,4
4595,Import,17
4596,Local,3
4597,Local,3
4598,Local,5
4599,Import,19
4600,Local,4
4601,Import,22
4602,Import,16
4603,Local,5
4604,Import,25
4605,Local,3
4606,Import,20
4607,Import,22
4608,Local,5
4609,Import,19
4610,Import,19
4611,Local,5
4612,Local,3
4613,Import,18
4614,Import,23
4615,Import,16
4616,Local,5
4617,Import,23
4618,Local,3
4619,Import,19
4620,Import,20
4621,Import,20
4622,Local,5
4623,Import,16
4624,Local,3
4625,Local,5
4626,Local,4
4627,Local,3
4628,Import,16
4629,Local,5
4630,Import,16
4631,Local,5
4632,Import,16
4633,Local,5
4634,Local,5
4635,Import,24
4636,Local,4
4637,Local,3
4638,Import,24
4639,Local,3
4640,Local,5
4641,Local,4
4642,Local,3
4643,Import,24
4644,Local,4
4645,Import,21
4646,Local,5
4647,Import,18
4648,Import,24
4649,Local,3
4650,Local,5
4651,Import,17
4652,Local,5
4653,Import,20
4654,Local,3
4655,Local,3
4656,Import,17
4657,Local,4
4658,Import,24
4659,Import,24
4660,Import,21
4661,Local,4
4662,Local,5
4663,Import,15
4664,Import,15
4665,Local,5
4666,Local,4
4667,Import,19
4668,Local,4
4669,Import,21
4670,Import,24
4671,Import,23
4672,Local,3
4673,Local,5
4674,Local,3
4675,Import,19
4676,Import,23
4677,Local,3
4678,Local,5
4679,Local,5
4680,Local,3
4681,Local,5
4682,Import,20
4683,Import,22
4684,Import,24
4685,Local,3
4686,Local,4
4687,Local,4
4688,Import,17
4689,Local,5
4690,Import,15
4691,Import,25
4692,Local,5
4693,Import,25
4694,Local,3
4695,Import,15
4696,Local,3
4697,Import,22
4698,Import,25
4699,Local,4
4700,Import,18
4701,Import,16
4702,Import,16
4703,Local,4
4704,Local,5
4705,Local,3
4706,Import,17
4707,Local,4
4708,Import,20
4709,Import,17
4710,Local,4
4711,Import,17
4712,Import,16
4713,Local,3
4714,Import,20
4715,Import,24
4716,Import,15
4717,Local,3
4718,Import,19
4719,Local,3
4720,Import,19
4721,Local,4
4722,Local,4
4723,Import,20
4724,Import,17
4725,Local,4
4726,Local,4
4727,Local,3
4728,Local,3
4729,Import,20
4730,Import,21
4731,Local,5
4732,Local,4
4733,Import,18
4734,Import,25
4735,Import,17
4736,Local,5
4737,Import,21
4738,Local,3
4739,Import,24
4740,Import,18
4741,Local,4
4742,Local,3
4743,Import,17
4744,Local,3
4745,Import,21
4746,Import,18
4747,Import,20
4748,Local,4
4749,Import,24
4750,Import,25
4751,Local,4
4752,Local,3
4753,Local,4
4754,Local,3
4755,Local,4
4756,Local,3
4757,Local,3
4758,Import,22
4759,Import,18
4760,Local,3
4761,Import,18
4762,Import,23
4763,Local,3
4764,Local,3
4765,Import,23
4766,Local,4
4767,Local,3
4768,Local,4
4769,Import,16
4770,Local,3
4771,Local,5
4772,Local,4
4773,Local,4
4774,Import,22
4775,Import,19
4776,Local,4
4777,Local,4
4778,Import,19
4779,Local,4
4780,Import,17
4781,Local,4
4782,Import,15
4783,Local,4
4784,Local,5
4785,Local,4
4786,Local,3
4787,Import,19
4788,Local,5
4789,Local,5
4790,Local,5
4791,Local,5
4792,Import,21
4793,Import,15
4794,Import,19
4795,Local,5
4796,Import,18
4797,Local,5
4798,Import,19
4799,Local,4
4800,Import,25
4801,Import,16
4802,Local,5
4803,Import,24
4804,Import,20
4805,Import,15
4806,Import,20
4807,Local,5
4808,Import,20
4809,Import,22
4810,Local,4
4811,Import,25
4812,Import,20
4813,Import,20
4814,Import,15
4815,Local,5
4816,Local,5
4817,Local,4
4818,Local,3
4819,Import,17
4820,Local,3
4821,Import,22
4822,Import,25
4823,Import,25
4824,Local,3
4825,Local,3
4826,Import,20
4827,Local,5
4828,Local,5
4829,Import,24
4830,Import,23
4831,Import,16
4832,Local,4
4833,Import,15
4834,Local,5
4835,Import,20
4836,Import,19
4837,Local,4
4838,Import,20
4839,Import,20
4840,Import,24
4841,Local,5
4842,Local,5
4843,Local,4
4844,Import,22
4845,Local,3
4846,Import,15
4847,Import,16
4848,Import,17
4849,Import,17
4850,Local,5
4851,Local,3
4852,Import,24
4853,Import,18
4854,Local,4
4855,Local,4
4856,Import,23
4857,Import,24
4858,Local,5
4859,Import,20
4860,Local,4
4861,Local,3
4862,Import,19
4863,Local,3
4864,Import,20
4865,Import,15
4866,Import,18
4867,Local,4
4868,Import,18
4869,Import,17
4870,Local,5
4871,Import,16
4872,Import,17
4873,Import,15
4874,Import,22
4875,Import,23
4876,Local,4
4877,Import,25
4878,Local,5
4879,Import,21
4880,Local,3
4881,Import,18
4882,Local,4
4883,Import,24
4884,Local,4
4885,Import,15
4886,Local,4
4887,Local,4
4888,Import,23
4889,Local,5
4890,Import,16
4891,Local,3
4892,Import,25
4893,Local,5
4894,Local,4
4895,Import,15
4896,Import,22
4897,Import,22
4898,Local,5
4899,Local,4
4900,Import,15
4901,Local,3
4902,Import,17
4903,Import,15
4904,Local,4
4905,Local,5
4906,Local,5
4907,Local,4
4908,Import,17
4909,Local,3
4910,Local,5
4911,Local,5
4912,Local,5
4913,Local,5
4914,Import,21
4915,Local,4
4916,Local,4
4917,Local,5
4918,Import,15
4919,Local,4
4920,Local,3
4921,Import,25
4922,Local,4
4923,Import,19
4924,Import,24
4925,Import,19
4926,Local,5
4927,Import,25
4928,Import,23
4929,Import,20
4930,Local,5
4931,Import,24
4932,Local,4
4933,Import,23
4934,Local,3
4935,Import,21
4936,Local,5
4937,Import,17
4938,Local,5
4939,Local,5
4940,Local,3
4941,Import,19
4942,Import,18
4943,Import,17
4944,Import,17
4945,Local,3
4946,Local,5
4947,Local,4
4948,Import,20
4949,Import,15
4950,Local,4
4951,Local,4
4952,Import,24
4953,Import,19
4954,Import,22
4955,Local,4
4956,Import,18
4957,Import,20
4958,Local,5
4959,Local,3
4960,Local,5
4961,Local,4
4962,Local,5
4963,Import,18
4964,Import,22
4965,Import,16
4966,Local,4
4967,Import,19
4968,Import,19
4969,Local,4
4970,Import,19
4971,Import,23
4972,Import,19
4973,Import,22
4974,Import,24
4975,Local,3
4976,Import,16
4977,Import,17
4978,Local,3
4979,Local,4
4980,Import,16
4981,Local,4
4982,Local,4
4983,Local,5
4984,Import,15
4985,Import,15
4986,Local,4
4987,Import,21
4988,Import,21
4989,Import,15
4990,Local,5
4991,Local,5
4992,Import,19
4993,Local,4
4994,Local,5
4995,Local,3
4996,Import,16
4997,Local,3
4998,Local,5
4999,Local,5
5000,Local,4
